{"cameraMode":{"drawMode":0,"name":"Shaded","section":"Shading Mode"},"sceneLighting":true,"audioPlay":false,"sceneViewState":{"m_AlwaysRefresh":false,"showFog":true,"showSkybox":true,"showFlares":true,"showImageEffects":true,"showParticleSystems":true,"showVisualEffectGraphs":true,"m_FxEnabled":true},"in2DMode":false,"pivot":{"x":528.5819091796875,"y":79.81854248046875,"z":388.82940673828127},"rotation":{"x":-0.47715693712234499,"y":-0.002375413663685322,"z":0.0012896679108962417,"w":-0.8788334131240845},"size":46.796119689941409,"orthographic":false}